,Name,Description,Designator,Part Number,Price,Qty
,Test point 1.2mm,1.2mm Test point,"+5V, +12V, P1, P2, RX1, T1, T2, T3, T4, TP1, TP2, TP3, TP4, TP5, TP6, TP7, TP8, TP9, TP10, TP11, TP12, TP13, TP14, TP15, TP16, TP17, TP18, TP19, TP20, TP21, TP22, TP23, TP24, TP25, TP26, TP27, TP28, TP29, TP30, TP31, TP32, TP33, TP34, TP35, TP36, TP37, TP38, TP39, TP40, TP41, TP42, TP43, TP44, TP45, TP46, TP47, TP48, TP49, TP50, TP51, TP52, TP53, TP54, TP55, TX1",,,65
,0.1 µF,CAP CER 0.1UF 50V X7R 0603,"C1, C4, C5, C6, C7, C8, C9, C10, C11, C12, C13, C14, C15, C23, C41, C66, C67, C69, C72, C77, C82, C85, C86, C103, C104","TDK CGA3E2X7R1H104K080AE, ",1.66721,25
,10 µF,CAP CER 10UF 50V X7R 1206,"C2, C40","Samsung Electro-Mechanics CL31B106KBHNNNE, ",0.70198,2
,4.7 µF,CAP CER 4.7UF 50V X7R 1206,C3,Samsung Electro-Mechanics CL31B475KBHNFNE,0.29249,1
,4700 pF,CAP CER 0603 4.7NF 16V X7R 10%,C16,Yageo Group C0603C472K4RECAUTO,0.1404,1
,2.2 µF,CAP CER 2.2UF 50V X7R 1206,"C17, C18","Samsung Electro-Mechanics CL31B225KBHNFNE, ",0.49139,2
,12pF,CAP CER 12PF 50V C0G/NP0 0603,"C19, C21",,,2
,6.8 pF,CAP CER 6.8PF 50V C0G/NPO 0603,"C20, C22","Yageo Group CC0603CRNPO9BN6R8, ",0.1872,2
,10 µF,CAP CER 10UF 16V X5R 1206,"C24, C39","TAIYO YUDEN EMK316BJ106MD-T, ",0.56159,2
,22 µF,CAP CER 22UF 16V X5R 1206,"C25, C31","Samsung Electro-Mechanics CL31A226KOCLFNC, ",0.98278,2
,0.1 µF,CAP CER 0.1UF 50V X7R 0603,"C26, C27, C28, C29, C30, C32, C33, C34, C37, C45, C46","Yageo Group C0603C104K5RAC7411, ",0.60488,11
,1 µF,CAP CER 1UF 16V X7R 0603,"C35, C38","Yageo Group C0603C105K4RACAUTO, ",0.25739,2
,100 pF,CAP CER 100PF 50V C0G/NP0 0603,C36,Yageo Group C0603C101K5GACAUTO,0.1287,1
,47 pF,CAP CER 47PF 50V C0G/NP0 0603,"C42, C44","Wurth Elektronik 885012006055, ",0.1872,2
,4700pF,CAP CER 4700PF 50V X7R 0603,C43,,,1
,0.1 µF,CAP CER .1UF 100V X7R 0603,"C47, C54",,,2
,1200 pF,CAP CER 1200PF 100V X7R 0603,C48,Yageo Group C0603C122K1RACTU,0.30419,1
,2.2µF,CAP CER 2.2UF 100V X7R 1206,"C49, C50, C56, C57",,,4
,47 pF,CAP CER 56PF 250V C0G/NP0 0603,C51,Murata GQM1875C2E560JB12D,0.35099,1
,22µF,CAP CER 22UF 25V X5R 1206,"C52, C53, C59, C60",,,4
,2200pF,CAP CER 2200PF 50V C0G/NP0 0603,C55,,,1
,56 pF,CAP CER 56PF 250V C0G/NP0 0603,C58,Murata GQM1875C2E560JB12D,0.35099,1
,10 µF,CAP CER 10UF 25V X7R 1206,"C61, C62","Yageo Group C1206X106J3RACAUTO, ",3.29932,2
,0.1 µF,CAP CER 0.1UF 50V X7R 0603,"C63, C73, C75, C80, C83","Holystone C0603X104K050T, ",0.38609,5
,1 µF,CAP CER 1UF 50V X7R 1206,"C64, C74, C84, C87, C91, C95, C98","Yageo Group C1206C105K5RACAUTO, ",1.93045,7
,3300pF,CAP CER 3300PF 50V X7R 0603,"C65, C68",,,2
,1500 pF,CAP CER 1500PF 50V X7R 0603,"C76, C81","TDK CGA3E2X7R1H152K080AA, ",0.1872,2
,0.1 µF,CAP CER 0.1UF 16V X7R 0603,"C88, C89, C90, C92, C93, C94, C96, C97, C99, C100, C101, C102","Yageo Group CS0603KRX7R7BB104, ",0.89854,12
,"PESD1CAN,215","Trans Voltage Suppressor Diode, 200W, 24V V(RWM), Bidirectional, 2 Element, Silicon, TO-236AB",D1,"Nexperia PESD1CAN,215",345.3,1
,SK510BH-LTP,5A 100V SCHOTTKY SMB,"D2, D3","MCC SK510BH-LTP, ",1.12,2
,Green,LED GREEN 0603 SMD,"D4, D9, D13, D14","Vishay VLMTG1300-GS08, ",1.45077,4
,Red,LED RED 0603 SMD,D5,Vishay VLMS1300-GS08,0.23399,1
,Blue,LED BLUE 0603 SMD,D6,Vishay VLMB1310-GS08,0.35099,1
,Yellow,LED YELLOW DIFFUSED 0603 SMD,D7,,,1
,White,LED WHITE SMD,D8,,,1
,Green,LED GREEN CLEAR 0603 SMD,"D10, D15, D16","Everlight QTLP601C4TR, ",0.63179,3
,RS1B-13-F,DIODE GEN PURP 100V 1A SMA,"D11, D12, D17","Diodes Inc. RS1B-13-F, ",1.26357,3
,0308.500UR,Fuse 0.5A SMD 30V,F1,,,1
,120 Ohms @ 100 MHz,FERRITE BEAD 120 OHM 0805 1LN,"FB1, FB2, FB3, FB4, FB5, FB6, FB7, FB8, FB9","Murata BLM21BB121SN1D, ",1.08807,9
,3221-14-0300-00,"IDC BOX HEADER, 0.050"" (1.27MM), 14 POS LOW PROFILE, SMT, NYLON 6T, G/F",J1,,,1
,206832-0401,MICRO-FIT Plus Header Assembly Dual Row 4 Position Straight Tin,"J2, J7, J8, J9, J10, J13, J14, J15, J26","Molex 206832-0401, ",11.23174,9
,7499011222A,"7499011222A Through Hole Lan Ethernet Transformer, 13.95 x 16 x 21.6mm, -40 +85 °C",J3,Wurth Elektronik 7499011222A,8.5174,1
,1939115-1,,J4,,,1
,22-28-4020,"Board Connector, 2 Contact(s), 1 Row(s), Male, Straight, 0.1 inch Pitch, Solder Terminal, Locking, Black Insulator, Receptacle","J5, J6","Molex 22-28-4020, ",0.144,2
,206832-0602,"Conector macho para PCB Molex serie Micro-Fit+ de 6 vías, 2 filas, paso 3.0mm, Montaje en orificio pasante","J11, J12","Molex 206832-0602, ",4.98,2
,206832-0401,MICRO-FIT Plus Header Assembly Dual Row 4 Position Straight Tin,"J16, J17, J18, J19, J20, J21, J22, J23, J24","Molex 206832-0401, ",11.23174,9
,216571-2002,Connector Power Header 2Position 3mm PC Pin Straight Through Hole 2 Terminal 1 Port Tray,J25,Molex 216571-2002,0.467,1
,DLW43SH510XK2L,"Ferrite Chip, 2 Function(s), 50V, 0.23A, 4 Pin(s)",L1,Murata DLW43SH510XK2L,239,1
,7447709220,"WE-PD SMT Power Inductor, size 1210, 22µH, 5.3A, 28mO",L2,Wurth Elektronik 7447709220,2.55054,1
,744771112,"WE-PD SMT Power Inductor, size 1260, 12µH, 3.91A, 27mO",L3,Wurth Elektronik 744771112,1.05,1
,BUK9875-100A/CUX,"Power Field-Effect Transistor, 7A I(D), 100V, 0.084ohm, 1-Element, N-Channel, Silicon, Metal-oxide Semiconductor FET","Q1, Q2, Q3","Nexperia BUK9875-100A/CUX, ",3.34495,3
,10 kOhms,RES 10K OHM 0.1% 1/16W 0603,"R1, R2, R3, R4, R18, R20, R21, R22, R24, R25, R26, R27, R28, R29, R30, R70, R74, R79, R116, R118, R119","Stackpole Electronics RNCS0603BKE10K0, ",2.70264,21
,330 Ohms,RES SMD 330 OHM 1% 1/5W 0603,"R5, R6","TE Connectivity / AMP 2176177-5, ",0.2106,2
,33 Ohms,RES SMD 33 OHM 0.1% 1/16W 0603,"R7, R8, R9, R14, R15, R16, R17, R23, R31, R32, R33, R34, R35, R36, R37, R38","TE Connectivity CPF0603B33RE, ",2.78921,16
,49.9 Ohms,RCC0603 100 49R9 1% ET1 E3,"R10, R11, R12, R13","Vishay RCC060349R9FKEA, ",0.56159,4
,6.49 kOhms,RQ 0603 6K49 0.1% 10PPM 1K RL,R19,TE Connectivity RQ73C1J6K49BTDF,0.83068,1
,62 Ohms,RES 10K OHM 0.1% 1/16W 0603,"R39, R43","Stackpole Electronics RNCS0603BKE10K0, ",0.30419,2
,100 Ohms,RES 100 OHM 1% 1/10W 0603,"R40, R41, R42","Vishay CRCW0603100RFKEAC, ",0.28079,3
,330 kOhms,RES 332K OHM 1% 1/10W 0603,R44,KOA Speer RK73H1JTTD3323F,0.0936,1
,220 kOhms,RES SMD 909K OHM 1% 1/10W 0603,R45,Vishay CRCW0603909KFKEA,0.0936,1
,10 kOhms,RES SMD 10K OHM 1% 1/10W 0603,R46,Yageo Group RT0603FRE0710KL,0.0936,1
,100 kOhms,RES 100K OHM 0.1% 1/16W 0603,"R47, R48, R52","Stackpole Electronics RNCS0603BKE100K, ",0.45629,3
,56 kOhms,RES SMD 316K OHM 1% 1/10W 0603,R49,Vishay CRCW0603316KFKEA,0.0936,1
,68 kOhms,RES SMD 249K OHM 0.1% 1/10W 0603,R50,,,1
,39 kOhms,RES SMD 41.2K OHM 1% 1/10W 0603,R51,Bourns CR0603-FX-4122ELF,0.0936,1
,2.2 kOhms,RES SMD 41.2K OHM 1% 1/10W 0603,R53,Bourns CR0603-FX-4122ELF,0.0936,1
,1 kOhms,RES 10K OHM 0.1% 1/16W 0603,"R54, R55, R56, R57, R58, R59, R60, R61, R62","Stackpole Electronics RNCS0603BKE10K0, ",1.28697,9
,330 Ohms,RES 330 OHM 1% 1/10W 0603,"R63, R65, R123","TE Connectivity CRGCQ0603F330R, ",0.28079,3
,10kOhms,RES 330 OHM 1% 1/10W 0603,"R64, R66, R124","TE Connectivity CRGCQ0603F330R, ",0.28079,3
,10 kOhms,RES SMD 10K OHM 0.1% 1/10W 0603,"R67, R69, R72, R78","Vishay MCT06030D1002BP500, ",0.56159,4
,1 kOhms,RES SMD 1K OHM 1% 1/10W 0603,"R68, R73, R86, R89","Yageo Group RT0603FRE071KL, ",0.117,4
,47kOhms,RES SMD 100K OHM 1% 1/10W 0603,"R71, R80","Yageo Group RT0603FRE07100KL, ",0.117,2
,10kOhms,RES SMD 316K OHM 1% 1/10W 0603,"R75, R84","Yageo Group AC0603FR-07316KL, ",0.1872,2
,2.2 kOhms,RES 332K OHM 1% 1/10W 0603,R76,KOA Speer RK73H1JTTD3323F,0.0936,1
,680 kOhms,RES SMD 909K OHM 1% 1/10W 0603,R77,Vishay CRCW0603909KFKEA,0.0936,1
,2.7 kOhms,RES SMD 10K OHM 1% 1/10W 0603,R81,Yageo Group RT0603FRE0710KL,0.0936,1
,180 kOhms,RES SMD 249K OHM 0.1% 1/10W 0603,R82,,,1
,270 kOhms,RES SMD 316K OHM 1% 1/10W 0603,R83,Vishay CRCW0603316KFKEA,0.0936,1
,12kOhms,RES SMD 4.7K OHM 0.1% 1/10W 0603,"R85, R88","Yageo Group RT0603BRD074K7L, ",0.1872,2
,33kOhms,RES SMD 9.1K OHM 0.1% 1/10W 0603,"R87, R90","Yageo Group RT0603BRD079K1L, ",0.1872,2
,100 kOhms,RES 100K OHM 1% 1/10W 0603,R91,Vishay CRCW0603100KFKEAC,0.0936,1
,0 Ohm,RES SMD 0 OHM JUMPER 1/10W 0603,R92,TE Connectivity CRG0603ZR,,1
,5.1kOhms,RES SMD 10K OHM 1% 1/10W 0603,R93,Yageo Group RT0603FRE0710KL,0.0936,1
,10kOhms,RES SMD 4.7K OHM 0.1% 1/10W 0603,R94,Yageo Group RT0603BRD074K7L,0.0936,1
,39 kOhms,RES SMD 10K OHM 1% 1/10W 0603,R95,Yageo Group RT0603FRE0710KL,0.0936,1
,1kOhms,,R96,Yageo Group RC0603JR-101KL,0.0936,1
,68 kOhms,RES 6.8K OHM 1% 1/10W 0603,R97,Stackpole Electronics RMCF0603FT6K80,0.0936,1
,39 kOhms,RES SMD 39K OHM 0.1% 1/10W 0603,"R98, R99, R100, R101, R102, R103, R105, R106, R108, R109, R110, R111, R112, R113, R114, R115",,,16
,0 Ohms,RES 0 OHM JUMPER 0603,"R104, R107","KOA Speer TLRZ1JTTD, ",0.77218,2
,100 kOhms,RES SMD 100K OHM 1% 1/10W 0603,R117,Yageo Group RT0603FRE07100KL,0.0936,1
,1.5 kOhms,RES 10K OHM 0.1% 1/16W 0603,"R120, R121","Stackpole Electronics RNCS0603BKE10K0, ",0.30419,2
,270 kOhms,RES SMD 316K OHM 1% 1/10W 0603,R122,Yageo Group AC0603FR-07316KL,0.0936,1
,10 Ohms,RES SMD 10K OHM 1% 1/10W 0603,"R125, R126","Yageo Group RT0603FRE0710KL, ",0.117,2
,82306050029,,"RV1, RV2, RV3, RV4, RV5, RV6, RV7, RV8, RV9, RV10, RV11, RV12","Wurth Elektronik 82306050029, ",8.70459,12
,M3 Screw,,"SC1, SC2, SC3, SC4",,,4
,STM32H723ZG,"Arm® Cortex®-M7 32-bit 550 MHz MCU, up to 1 MB Flash, 564 KB RAM, Ethernet, USB, 3x FD-CAN, Graphics, 2x 16-bit ADCs",U1,,,1
,KSZ8041TLI,IC ETHERNET PHY IND 48-TQFP,U2,Microchip KSZ8041TLI,3.18584,1
,"TJA1051T/3,118",High Speed CAN Transceiver,U3,"NXP Semiconductors TJA1051T/3,118",1803.25,1
,LM5013-Q1,"100-V Input, 3.5-A Non-Synchronous Buck DC/DC Converter with Ultra-low IQ",U4,,,1
,LM5013-Q1,,U5,,,1
,LT1963AEST-3.3#TRPBF,"Fixed Positive LDO Regulator, 3.3V, 0.55V Dropout, BIPolar, PDSO3",U6,Analog Devices LT1963AEST-3.3#TRPBF,3.668,1
,ULN2002A,"ULN200x, ULQ200x High-Voltage, High-Current Darlington Transistor Arrays",U7,,,1
,MCP6022-E/SN,"Operational Amplifier, 2 Func, 2500uV Offset-Max, CMOS, PDSO8","U8, U12, U14","Microchip MCP6022-E/SN, ",5.33507,3
,SN74HC32DR,4-ch 2-input 2-V to 6-V 5.2 mA drive strength OR gate 14-SOIC -40 to 85,"U15, U18","Texas Instruments SN74HC32DR, ",0.1434,2
,SN74ALVC08IPWRQ1,"AND Gate, ALVC/VCX/A Series, 4-Func, 2-Input, CMOS, PDSO14","U16, U17","Texas Instruments SN74ALVC08IPWRQ1, ",1.12,2
,LM339PWR,"Comparator, 4 Func, 5000uV Offset-Max, 300ns Response Time, BIPolar, PDSO14",U19,Texas Instruments LM339PWR,218.8,1
,25.000MHZ,25.000 MHz Ultra miniature ceramic glass sealed SMD crystal.,X1,,,1
,32.768KHZ,32.768kHz Crystal,X2,,,1
,50 MHz,XTAL OSC XO 50.0000MHZ CMOS SMD,Y1,,,1
